<?xml version="1.0" encoding="UTF-8" ?>
<XMLDB PATH="question/type/formulas/db" VERSION="20130130" COMMENT="XMLDB file for Moodle question/type/formulas"
    xmlns:xsi="http://www.w3.org/2001/XMLSchema-instance"
    xsi:noNamespaceSchemaLocation="../../../../lib/xmldb/xmldb.xsd"
>
  <TABLES>
    <TABLE NAME="qtype_formulas_options" COMMENT="Options for formulas question type">
      <FIELDS>
        <FIELD NAME="id" TYPE="int" LENGTH="10" NOTNULL="true" SEQUENCE="true"/>
        <FIELD NAME="questionid" TYPE="int" LENGTH="10" NOTNULL="true" DEFAULT="0" SEQUENCE="false"/>
        <FIELD NAME="varsrandom" TYPE="text" NOTNULL="false" SEQUENCE="false"/>
        <FIELD NAME="varsglobal" TYPE="text" NOTNULL="false" SEQUENCE="false"/>
        <FIELD NAME="correctfeedback" TYPE="text" NOTNULL="true" SEQUENCE="false" COMMENT="Feedback shown for any correct response."/>
        <FIELD NAME="correctfeedbackformat" TYPE="int" LENGTH="2" NOTNULL="true" DEFAULT="0" SEQUENCE="false"/>
        <FIELD NAME="partiallycorrectfeedback" TYPE="text" NOTNULL="true" SEQUENCE="false" COMMENT="Feedback shown for any partially correct response."/>
        <FIELD NAME="partiallycorrectfeedbackformat" TYPE="int" LENGTH="2" NOTNULL="true" DEFAULT="0" SEQUENCE="false"/>
        <FIELD NAME="incorrectfeedback" TYPE="text" NOTNULL="true" SEQUENCE="false" COMMENT="Feedback shown for any incorrect response."/>
        <FIELD NAME="incorrectfeedbackformat" TYPE="int" LENGTH="2" NOTNULL="true" DEFAULT="0" SEQUENCE="false"/>
        <FIELD NAME="shownumcorrect" TYPE="int" LENGTH="2" NOTNULL="true" DEFAULT="0" SEQUENCE="false" COMMENT="If true, then when the user gets a question partially correct, tell them how many parts they got correct alongside the feedback."/>
        <FIELD NAME="answernumbering" TYPE="char" LENGTH="10" NOTNULL="true" DEFAULT="none" SEQUENCE="false" COMMENT="Indicates how and whether the choices should be numbered."/>
      </FIELDS>
      <KEYS>
        <KEY NAME="primary" TYPE="primary" FIELDS="id"/>
        <KEY NAME="questionid" TYPE="foreign" FIELDS="questionid" REFTABLE="question" REFFIELDS="id"/>
      </KEYS>
    </TABLE>
    <TABLE NAME="qtype_formulas_answers" COMMENT="Answers for formulas question type">
      <FIELDS>
        <FIELD NAME="id" TYPE="int" LENGTH="10" NOTNULL="true" SEQUENCE="true"/>
        <FIELD NAME="questionid" TYPE="int" LENGTH="10" NOTNULL="true" DEFAULT="0" SEQUENCE="false"/>
        <FIELD NAME="partindex" TYPE="int" LENGTH="10" NOTNULL="true" DEFAULT="0" SEQUENCE="false" COMMENT="index of part in question"/>
        <FIELD NAME="placeholder" TYPE="char" LENGTH="40" NOTNULL="false" SEQUENCE="false"/>
        <FIELD NAME="answermark" TYPE="float" NOTNULL="true" SEQUENCE="false"/>
        <FIELD NAME="answertype" TYPE="int" LENGTH="10" NOTNULL="true" DEFAULT="0" SEQUENCE="false"/>
        <FIELD NAME="numbox" TYPE="int" LENGTH="10" NOTNULL="true" SEQUENCE="false"/>
        <FIELD NAME="vars1" TYPE="text" NOTNULL="false" SEQUENCE="false"/>
        <FIELD NAME="answer" TYPE="text" NOTNULL="true" SEQUENCE="false"/>
        <FIELD NAME="vars2" TYPE="text" NOTNULL="false" SEQUENCE="false"/>
        <FIELD NAME="correctness" TYPE="text" NOTNULL="true" SEQUENCE="false"/>
        <FIELD NAME="unitpenalty" TYPE="float" NOTNULL="false" SEQUENCE="false"/>
        <FIELD NAME="postunit" TYPE="text" NOTNULL="false" SEQUENCE="false"/>
        <FIELD NAME="ruleid" TYPE="int" LENGTH="10" NOTNULL="true" SEQUENCE="false"/>
        <FIELD NAME="otherrule" TYPE="text" NOTNULL="false" SEQUENCE="false"/>
        <FIELD NAME="subqtext" TYPE="text" NOTNULL="false" SEQUENCE="false"/>
        <FIELD NAME="subqtextformat" TYPE="int" LENGTH="2" NOTNULL="true" DEFAULT="0" SEQUENCE="false"/>
        <FIELD NAME="feedback" TYPE="text" NOTNULL="false" SEQUENCE="false"/>
        <FIELD NAME="feedbackformat" TYPE="int" LENGTH="2" NOTNULL="true" DEFAULT="0" SEQUENCE="false"/>
        <FIELD NAME="partcorrectfb" TYPE="text" NOTNULL="false" SEQUENCE="false"/>
        <FIELD NAME="partcorrectfbformat" TYPE="int" LENGTH="2" NOTNULL="true" DEFAULT="0" SEQUENCE="false"/>
        <FIELD NAME="partpartiallycorrectfb" TYPE="text" NOTNULL="false" SEQUENCE="false"/>
        <FIELD NAME="partpartiallycorrectfbformat" TYPE="int" LENGTH="2" NOTNULL="true" DEFAULT="0" SEQUENCE="false"/>
        <FIELD NAME="partincorrectfb" TYPE="text" NOTNULL="false" SEQUENCE="false"/>
        <FIELD NAME="partincorrectfbformat" TYPE="int" LENGTH="2" NOTNULL="true" DEFAULT="0" SEQUENCE="false"/>
      </FIELDS>
      <KEYS>
        <KEY NAME="primary" TYPE="primary" FIELDS="id"/>
        <KEY NAME="questionid" TYPE="foreign" FIELDS="questionid" REFTABLE="question" REFFIELDS="id"/>
      </KEYS>
    </TABLE>
  </TABLES>
</XMLDB>
